WR#,SCAN_DOC
76LJ 71015 00,https://dataportal.mt.gov/t/DOASITSDIBMDBA/views/DNRC_P/DNRCDash?:showAppBanner=false&:display_count=n&:showVizHome=n&:origin=viz_share_link&:embed=yes&:linktarget=_parent&Basin=76LJ&WR_Number=71015&Extension=00&WR_Type=PROVISIONAL%20PERMIT
76LJ 56 00,https://dataportal.mt.gov/t/DOASITSDIBMDBA/views/DNRC_P/DNRCDash?:showAppBanner=false&:display_count=n&:showVizHome=n&:origin=viz_share_link&:embed=yes&:linktarget=_parent&Basin=76LJ&WR_Number=56&Extension=00&WR_Type=STATEMENT%20OF%20CLAIM
76LJ 30152342,https://dataportal.mt.gov/t/DOASITSDIBMDBA/views/DNRC_P/DNRCDash?:showAppBanner=false&:display_count=n&:showVizHome=n&:origin=viz_share_link&:embed=yes&:linktarget=_parent&Basin=76LJ&WR_Number=30152342&Extension=&WR_Type=PROVISIONAL%20PERMIT
76LJ 30045405,https://dataportal.mt.gov/t/DOASITSDIBMDBA/views/DNRC_P/DNRCDash?:showAppBanner=false&:display_count=n&:showVizHome=n&:origin=viz_share_link&:embed=yes&:linktarget=_parent&Basin=76LJ&WR_Number=30045405&Extension=&WR_Type=PROVISIONAL%20PERMIT
76LJ 30042557,https://dataportal.mt.gov/t/DOASITSDIBMDBA/views/DNRC_P/DNRCDash?:showAppBanner=false&:display_count=n&:showVizHome=n&:origin=viz_share_link&:embed=yes&:linktarget=_parent&Basin=76LJ&WR_Number=30042557&Extension=&WR_Type=GROUND%20WATER%20CERTIFICATE
76LJ 30023953,https://dataportal.mt.gov/t/DOASITSDIBMDBA/views/DNRC_P/DNRCDash?:showAppBanner=false&:display_count=n&:showVizHome=n&:origin=viz_share_link&:embed=yes&:linktarget=_parent&Basin=76LJ&WR_Number=30023953&Extension=&WR_Type=GROUND%20WATER%20CERTIFICATE
76LJ 30022141,https://dataportal.mt.gov/t/DOASITSDIBMDBA/views/DNRC_P/DNRCDash?:showAppBanner=false&:display_count=n&:showVizHome=n&:origin=viz_share_link&:embed=yes&:linktarget=_parent&Basin=76LJ&WR_Number=30022141&Extension=&WR_Type=GROUND%20WATER%20CERTIFICATE
76LJ 30014555,https://dataportal.mt.gov/t/DOASITSDIBMDBA/views/DNRC_P/DNRCDash?:showAppBanner=false&:display_count=n&:showVizHome=n&:origin=viz_share_link&:embed=yes&:linktarget=_parent&Basin=76LJ&WR_Number=30014555&Extension=&WR_Type=PROVISIONAL%20PERMIT
76LJ 30012298,https://dataportal.mt.gov/t/DOASITSDIBMDBA/views/DNRC_P/DNRCDash?:showAppBanner=false&:display_count=n&:showVizHome=n&:origin=viz_share_link&:embed=yes&:linktarget=_parent&Basin=76LJ&WR_Number=30012298&Extension=&WR_Type=PROVISIONAL%20PERMIT
76LJ 30011383,https://dataportal.mt.gov/t/DOASITSDIBMDBA/views/DNRC_P/DNRCDash?:showAppBanner=false&:display_count=n&:showVizHome=n&:origin=viz_share_link&:embed=yes&:linktarget=_parent&Basin=76LJ&WR_Number=30011383&Extension=&WR_Type=PROVISIONAL%20PERMIT
76LJ 30008171,https://dataportal.mt.gov/t/DOASITSDIBMDBA/views/DNRC_P/DNRCDash?:showAppBanner=false&:display_count=n&:showVizHome=n&:origin=viz_share_link&:embed=yes&:linktarget=_parent&Basin=76LJ&WR_Number=30008171&Extension=&WR_Type=GROUND%20WATER%20CERTIFICATE
76LJ 30007504,https://dataportal.mt.gov/t/DOASITSDIBMDBA/views/DNRC_P/DNRCDash?:showAppBanner=false&:display_count=n&:showVizHome=n&:origin=viz_share_link&:embed=yes&:linktarget=_parent&Basin=76LJ&WR_Number=30007504&Extension=&WR_Type=PROVISIONAL%20PERMIT
76LJ 30005993,https://dataportal.mt.gov/t/DOASITSDIBMDBA/views/DNRC_P/DNRCDash?:showAppBanner=false&:display_count=n&:showVizHome=n&:origin=viz_share_link&:embed=yes&:linktarget=_parent&Basin=76LJ&WR_Number=30005993&Extension=&WR_Type=PROVISIONAL%20PERMIT
76LJ 25900 00,https://dataportal.mt.gov/t/DOASITSDIBMDBA/views/DNRC_P/DNRCDash?:showAppBanner=false&:display_count=n&:showVizHome=n&:origin=viz_share_link&:embed=yes&:linktarget=_parent&Basin=76LJ&WR_Number=25900&Extension=00&WR_Type=STATEMENT%20OF%20CLAIM
76LJ 188241 00,https://dataportal.mt.gov/t/DOASITSDIBMDBA/views/DNRC_P/DNRCDash?:showAppBanner=false&:display_count=n&:showVizHome=n&:origin=viz_share_link&:embed=yes&:linktarget=_parent&Basin=76LJ&WR_Number=188241&Extension=00&WR_Type=STATEMENT%20OF%20CLAIM
76LJ 14711 00,https://dataportal.mt.gov/t/DOASITSDIBMDBA/views/DNRC_P/DNRCDash?:showAppBanner=false&:display_count=n&:showVizHome=n&:origin=viz_share_link&:embed=yes&:linktarget=_parent&Basin=76LJ&WR_Number=14711&Extension=00&WR_Type=PROVISIONAL%20PERMIT
76LJ 114098 00,https://dataportal.mt.gov/t/DOASITSDIBMDBA/views/DNRC_P/DNRCDash?:showAppBanner=false&:display_count=n&:showVizHome=n&:origin=viz_share_link&:embed=yes&:linktarget=_parent&Basin=76LJ&WR_Number=114098&Extension=00&WR_Type=PROVISIONAL%20PERMIT
76LJ 114021 00,https://dataportal.mt.gov/t/DOASITSDIBMDBA/views/DNRC_P/DNRCDash?:showAppBanner=false&:display_count=n&:showVizHome=n&:origin=viz_share_link&:embed=yes&:linktarget=_parent&Basin=76LJ&WR_Number=114021&Extension=00&WR_Type=GROUND%20WATER%20CERTIFICATE
76H 95036 00,https://dataportal.mt.gov/t/DOASITSDIBMDBA/views/DNRC_P/DNRCDash?:showAppBanner=false&:display_count=n&:showVizHome=n&:origin=viz_share_link&:embed=yes&:linktarget=_parent&Basin=76H&WR_Number=95036&Extension=00&WR_Type=PROVISIONAL%20PERMIT
76H 30048901,https://dataportal.mt.gov/t/DOASITSDIBMDBA/views/DNRC_P/DNRCDash?:showAppBanner=false&:display_count=n&:showVizHome=n&:origin=viz_share_link&:embed=yes&:linktarget=_parent&Basin=76H&WR_Number=30048901&Extension=&WR_Type=PROVISIONAL%20PERMIT
76H 26296 00,https://dataportal.mt.gov/t/DOASITSDIBMDBA/views/DNRC_P/DNRCDash?:showAppBanner=false&:display_count=n&:showVizHome=n&:origin=viz_share_link&:embed=yes&:linktarget=_parent&Basin=76H&WR_Number=26296&Extension=00&WR_Type=GROUND%20WATER%20CERTIFICATE
76H 104639 00,https://dataportal.mt.gov/t/DOASITSDIBMDBA/views/DNRC_P/DNRCDash?:showAppBanner=false&:display_count=n&:showVizHome=n&:origin=viz_share_link&:embed=yes&:linktarget=_parent&Basin=76H&WR_Number=104639&Extension=00&WR_Type=STATEMENT%20OF%20CLAIM
76D 30048433,https://dataportal.mt.gov/t/DOASITSDIBMDBA/views/DNRC_P/DNRCDash?:showAppBanner=false&:display_count=n&:showVizHome=n&:origin=viz_share_link&:embed=yes&:linktarget=_parent&Basin=76D&WR_Number=30048433&Extension=&WR_Type=PROVISIONAL%20PERMIT
42M 107267 00,https://dataportal.mt.gov/t/DOASITSDIBMDBA/views/DNRC_P/DNRCDash?:showAppBanner=false&:display_count=n&:showVizHome=n&:origin=viz_share_link&:embed=yes&:linktarget=_parent&Basin=42M&WR_Number=107267&Extension=00&WR_Type=STATEMENT%20OF%20CLAIM
41R 14566 00,https://dataportal.mt.gov/t/DOASITSDIBMDBA/views/DNRC_P/DNRCDash?:showAppBanner=false&:display_count=n&:showVizHome=n&:origin=viz_share_link&:embed=yes&:linktarget=_parent&Basin=41R&WR_Number=14566&Extension=00&WR_Type=STATEMENT%20OF%20CLAIM
41Q 30026974,https://dataportal.mt.gov/t/DOASITSDIBMDBA/views/DNRC_P/DNRCDash?:showAppBanner=false&:display_count=n&:showVizHome=n&:origin=viz_share_link&:embed=yes&:linktarget=_parent&Basin=41Q&WR_Number=30026974&Extension=&WR_Type=PROVISIONAL%20PERMIT
41P 31764 00,https://dataportal.mt.gov/t/DOASITSDIBMDBA/views/DNRC_P/DNRCDash?:showAppBanner=false&:display_count=n&:showVizHome=n&:origin=viz_share_link&:embed=yes&:linktarget=_parent&Basin=41P&WR_Number=31764&Extension=00&WR_Type=STATEMENT%20OF%20CLAIM
41L 116961 00,https://dataportal.mt.gov/t/DOASITSDIBMDBA/views/DNRC_P/DNRCDash?:showAppBanner=false&:display_count=n&:showVizHome=n&:origin=viz_share_link&:embed=yes&:linktarget=_parent&Basin=41L&WR_Number=116961&Extension=00&WR_Type=STATEMENT%20OF%20CLAIM
41I 30104597,https://dataportal.mt.gov/t/DOASITSDIBMDBA/views/DNRC_P/DNRCDash?:showAppBanner=false&:display_count=n&:showVizHome=n&:origin=viz_share_link&:embed=yes&:linktarget=_parent&Basin=41I&WR_Number=30104597&Extension=&WR_Type=GROUND%20WATER%20CERTIFICATE
41I 30016557,https://dataportal.mt.gov/t/DOASITSDIBMDBA/views/DNRC_P/DNRCDash?:showAppBanner=false&:display_count=n&:showVizHome=n&:origin=viz_share_link&:embed=yes&:linktarget=_parent&Basin=41I&WR_Number=30016557&Extension=&WR_Type=PROVISIONAL%20PERMIT
41C 30119852,https://dataportal.mt.gov/t/DOASITSDIBMDBA/views/DNRC_P/DNRCDash?:showAppBanner=false&:display_count=n&:showVizHome=n&:origin=viz_share_link&:embed=yes&:linktarget=_parent&Basin=41C&WR_Number=30119852&Extension=&WR_Type=GROUND%20WATER%20CERTIFICATE
41C 110171 00,https://dataportal.mt.gov/t/DOASITSDIBMDBA/views/DNRC_P/DNRCDash?:showAppBanner=false&:display_count=n&:showVizHome=n&:origin=viz_share_link&:embed=yes&:linktarget=_parent&Basin=41C&WR_Number=110171&Extension=00&WR_Type=GROUND%20WATER%20CERTIFICATE
41B 77573 00,https://dataportal.mt.gov/t/DOASITSDIBMDBA/views/DNRC_P/DNRCDash?:showAppBanner=false&:display_count=n&:showVizHome=n&:origin=viz_share_link&:embed=yes&:linktarget=_parent&Basin=41B&WR_Number=77573&Extension=00&WR_Type=PROVISIONAL%20PERMIT
40B 205116 00,https://dataportal.mt.gov/t/DOASITSDIBMDBA/views/DNRC_P/DNRCDash?:showAppBanner=false&:display_count=n&:showVizHome=n&:origin=viz_share_link&:embed=yes&:linktarget=_parent&Basin=40B&WR_Number=205116&Extension=00&WR_Type=STATEMENT%20OF%20CLAIM
40A 30052382,https://dataportal.mt.gov/t/DOASITSDIBMDBA/views/DNRC_P/DNRCDash?:showAppBanner=false&:display_count=n&:showVizHome=n&:origin=viz_share_link&:embed=yes&:linktarget=_parent&Basin=40A&WR_Number=30052382&Extension=&WR_Type=GROUND%20WATER%20CERTIFICATE
